{
  "metadata": {
    "version": "0.3.0",
    "engine": "vllm",
    "model": "qwen3.5-397b-nvfp4",
    "server": "localhost:9200",
    "timestamp": "2026-04-05T22:21:57.759865",
    "duration_per_test": 30.0,
    "max_tokens": 2048,
    "max_total_tokens": 0,
    "concurrency_levels": [
      1,
      2,
      4,
      8
    ],
    "context_lengths": [
      0
    ]
  },
  "prefill": {},
  "results": [
    {
      "concurrency": 1,
      "context_tokens": 0,
      "aggregate_tps": 143.22486545271613,
      "per_request_avg_tps": 143.22486545271613,
      "ttft_avg": 0.16104939799970452,
      "ttft_p50": 0.16104939799970452,
      "ttft_p99": 0.16104939799970452,
      "total_tokens": 4096,
      "wall_time": 33.71868069300035,
      "num_completed": 1,
      "num_errors": 0,
      "server_gen_throughput": 143.22486545271613,
      "server_utilization": 0.01531213191990577,
      "server_spec_accept_rate": 1754.0,
      "avg_running_reqs": 1,
      "max_running_reqs": 1,
      "avg_queue_reqs": 0,
      "max_queue_reqs": 0,
      "queue_fraction": 0.0
    },
    {
      "concurrency": 2,
      "context_tokens": 0,
      "aggregate_tps": 196.90583503415934,
      "per_request_avg_tps": 98.45291751707967,
      "ttft_avg": 0.6721251584995116,
      "ttft_p50": 0.6721251584995116,
      "ttft_p99": 1.1710497014693828,
      "total_tokens": 4096,
      "wall_time": 33.7307787890004,
      "num_completed": 2,
      "num_errors": 0,
      "server_gen_throughput": 196.90583503415934,
      "server_utilization": 0.03062426383981154,
      "server_spec_accept_rate": 3955.0,
      "avg_running_reqs": 2,
      "max_running_reqs": 2,
      "avg_queue_reqs": 0,
      "max_queue_reqs": 0,
      "queue_fraction": 0.0
    },
    {
      "concurrency": 4,
      "context_tokens": 0,
      "aggregate_tps": 261.5529647612539,
      "per_request_avg_tps": 65.38824119031348,
      "ttft_avg": 0.5406348662500022,
      "ttft_p50": 0.6671155004996763,
      "ttft_p99": 0.6672813168007542,
      "total_tokens": 8192,
      "wall_time": 33.742619740999544,
      "num_completed": 4,
      "num_errors": 0,
      "server_gen_throughput": 261.5529647612539,
      "server_utilization": 0.06124852767962308,
      "server_spec_accept_rate": 6988.0,
      "avg_running_reqs": 4.0,
      "max_running_reqs": 4,
      "avg_queue_reqs": 0,
      "max_queue_reqs": 0,
      "queue_fraction": 0.0
    },
    {
      "concurrency": 8,
      "context_tokens": 0,
      "aggregate_tps": 322.9472420487183,
      "per_request_avg_tps": 40.36840525608979,
      "ttft_avg": 0.9706777086250895,
      "ttft_p50": 0.9706868614998712,
      "ttft_p99": 1.2748240383906613,
      "total_tokens": 3720,
      "wall_time": 33.740304437000304,
      "num_completed": 8,
      "num_errors": 0,
      "server_gen_throughput": 322.9472420487183,
      "server_utilization": 0.12249705535924615,
      "server_spec_accept_rate": 10708.0,
      "avg_running_reqs": 8,
      "max_running_reqs": 8,
      "avg_queue_reqs": 0,
      "max_queue_reqs": 0,
      "queue_fraction": 0.0
    }
  ],
  "summary_table": {
    "0": {
      "1": 143.22486545271613,
      "2": 196.90583503415934,
      "4": 261.5529647612539,
      "8": 322.9472420487183
    }
  }
}