{
  "metadata": {
    "version": "0.3.0",
    "engine": "vllm",
    "model": "qwen3.5-397b-nvfp4",
    "server": "localhost:9200",
    "timestamp": "2026-04-05T22:04:39.124976",
    "duration_per_test": 30.0,
    "max_tokens": 2048,
    "max_total_tokens": 0,
    "concurrency_levels": [
      1,
      2,
      4,
      8
    ],
    "context_lengths": [
      0
    ]
  },
  "prefill": {},
  "results": [
    {
      "concurrency": 1,
      "context_tokens": 0,
      "aggregate_tps": 145.1380212280209,
      "per_request_avg_tps": 145.1380212280209,
      "ttft_avg": 0.15801873599957617,
      "ttft_p50": 0.15801873599957617,
      "ttft_p99": 0.15801873599957617,
      "total_tokens": 4096,
      "wall_time": 33.72029938800006,
      "num_completed": 1,
      "num_errors": 0,
      "server_gen_throughput": 145.1380212280209,
      "server_utilization": 0.01531213191990577,
      "server_spec_accept_rate": 12506.0,
      "avg_running_reqs": 1,
      "max_running_reqs": 1,
      "avg_queue_reqs": 0,
      "max_queue_reqs": 0,
      "queue_fraction": 0.0
    },
    {
      "concurrency": 2,
      "context_tokens": 0,
      "aggregate_tps": 198.59763536779627,
      "per_request_avg_tps": 99.29881768389814,
      "ttft_avg": 0.3982245485003659,
      "ttft_p50": 0.3982245485003659,
      "ttft_p99": 0.398276278290341,
      "total_tokens": 4096,
      "wall_time": 33.70866406799996,
      "num_completed": 2,
      "num_errors": 0,
      "server_gen_throughput": 198.59763536779627,
      "server_utilization": 0.03062426383981154,
      "server_spec_accept_rate": 14806.0,
      "avg_running_reqs": 2,
      "max_running_reqs": 2,
      "avg_queue_reqs": 0,
      "max_queue_reqs": 0,
      "queue_fraction": 0.0
    },
    {
      "concurrency": 4,
      "context_tokens": 0,
      "aggregate_tps": 259.39650934975367,
      "per_request_avg_tps": 64.84912733743842,
      "ttft_avg": 0.434945759250013,
      "ttft_p50": 0.47705018999977256,
      "ttft_p99": 0.6246406252899215,
      "total_tokens": 8192,
      "wall_time": 33.713549276000776,
      "num_completed": 4,
      "num_errors": 0,
      "server_gen_throughput": 259.39650934975367,
      "server_utilization": 0.06124852767962308,
      "server_spec_accept_rate": 17901.0,
      "avg_running_reqs": 4,
      "max_running_reqs": 4,
      "avg_queue_reqs": 0,
      "max_queue_reqs": 0,
      "queue_fraction": 0.0
    },
    {
      "concurrency": 8,
      "context_tokens": 0,
      "aggregate_tps": 311.0436057048134,
      "per_request_avg_tps": 38.88045071310167,
      "ttft_avg": 0.8129497698751038,
      "ttft_p50": 0.8642009474997394,
      "ttft_p99": 1.1538143648504684,
      "total_tokens": 3693,
      "wall_time": 33.774792778999654,
      "num_completed": 8,
      "num_errors": 0,
      "server_gen_throughput": 311.0436057048134,
      "server_utilization": 0.12249705535924615,
      "server_spec_accept_rate": 21594.0,
      "avg_running_reqs": 8,
      "max_running_reqs": 8,
      "avg_queue_reqs": 0,
      "max_queue_reqs": 0,
      "queue_fraction": 0.0
    }
  ],
  "summary_table": {
    "0": {
      "1": 145.1380212280209,
      "2": 198.59763536779627,
      "4": 259.39650934975367,
      "8": 311.0436057048134
    }
  }
}