{
  "M=1": {
    "M": 1,
    "gemm1_ms": {
      "avg": 0.024810133263882664,
      "med": 0.024671999737620354
    },
    "activation_ms": {
      "avg": 0.008385422194583549,
      "med": 0.008191999979317188
    },
    "gemm2_ms": {
      "avg": 0.009340266572932403,
      "med": 0.009824000298976898
    },
    "reduce_ms": {
      "avg": 0.00918168902086715,
      "med": 0.009216000325977802
    },
    "total_ms": {
      "avg": 0.05171751065386666,
      "med": 0.05129599943757057
    }
  },
  "M=2": {
    "M": 2,
    "gemm1_ms": {
      "avg": 0.02439075554203656,
      "med": 0.024671999737620354
    },
    "activation_ms": {
      "avg": 0.008194666645593113,
      "med": 0.008191999979317188
    },
    "gemm2_ms": {
      "avg": 0.008212444426802298,
      "med": 0.008191999979317188
    },
    "reduce_ms": {
      "avg": 0.009543288959604171,
      "med": 0.009216000325977802
    },
    "total_ms": {
      "avg": 0.05034115542140272,
      "med": 0.0504320003092289
    }
  },
  "M=4": {
    "M": 4,
    "gemm1_ms": {
      "avg": 0.023828444422947036,
      "med": 0.02364799939095974
    },
    "activation_ms": {
      "avg": 0.008189333320802284,
      "med": 0.008191999979317188
    },
    "gemm2_ms": {
      "avg": 0.008252088867852257,
      "med": 0.008191999979317188
    },
    "reduce_ms": {
      "avg": 0.009547377812365691,
      "med": 0.009216000325977802
    },
    "total_ms": {
      "avg": 0.04981724408765634,
      "med": 0.05008000135421753
    }
  },
  "M=8": {
    "M": 8,
    "gemm1_ms": {
      "avg": 0.024101333247704637,
      "med": 0.023744000121951103
    },
    "activation_ms": {
      "avg": 0.009753066728202005,
      "med": 0.008191999979317188
    },
    "gemm2_ms": {
      "avg": 0.00852746665995154,
      "med": 0.008191999979317188
    },
    "reduce_ms": {
      "avg": 0.010132088864015208,
      "med": 0.010239999741315842
    },
    "total_ms": {
      "avg": 0.052513955160975456,
      "med": 0.05027199909090996
    }
  },
  "M=16": {
    "M": 16,
    "gemm1_ms": {
      "avg": 0.02381084445450041,
      "med": 0.023679999634623528
    },
    "activation_ms": {
      "avg": 0.008191999979317188,
      "med": 0.008191999979317188
    },
    "gemm2_ms": {
      "avg": 0.008245155556748311,
      "med": 0.008191999979317188
    },
    "reduce_ms": {
      "avg": 0.009849599992028541,
      "med": 0.010239999741315842
    },
    "total_ms": {
      "avg": 0.05009759952210718,
      "med": 0.05027199909090996
    }
  },
  "M=32": {
    "M": 32,
    "gemm1_ms": {
      "avg": 0.021348622493031953,
      "med": 0.02160000056028366
    },
    "activation_ms": {
      "avg": 0.008188444440667,
      "med": 0.008191999979317188
    },
    "gemm2_ms": {
      "avg": 0.01023377758036885,
      "med": 0.010239999741315842
    },
    "reduce_ms": {
      "avg": 0.01055146653412117,
      "med": 0.010239999741315842
    },
    "total_ms": {
      "avg": 0.050322310460938345,
      "med": 0.050303999334573746
    }
  },
  "kernel_launch_overhead_us": {
    "avg": 6.342897719393173,
    "med": 6.240000016987324
  }
}